{
  "n_peptides": 10,
  "n_pairs": 1007,
  "correlations": {
    "NetTCR_vs_ERGO": {
      "pearson": 0.05761604084968383,
      "spearman": 0.09586227609986744
    },
    "NetTCR_vs_DeepAIR": {
      "pearson": -0.3214550510077951,
      "spearman": -0.19825996874624016
    },
    "ERGO_vs_DeepAIR": {
      "pearson": -0.10415970861886784,
      "spearman": -0.048938626895325965
    }
  },
  "statistics": {
    "NetTCR": {
      "mean": 0.33803310990333557,
      "std": 0.08351002173815321,
      "min": 0.09715330600738525,
      "max": 0.5119425654411316
    },
    "ERGO": {
      "mean": 0.10995588408024755,
      "std": 0.13319536671114193,
      "min": 7.100447874108795e-07,
      "max": 0.778793454170227
    },
    "DeepAIR": {
      "mean": 0.49542972877577257,
      "std": 0.004168386491687518,
      "min": 0.4778212606906891,
      "max": 0.4980807304382324
    }
  }
}