{
  "mean_ppl": 1.9288772285061673,
  "std_ppl": 0.1107512501876407
}