scorer,auc_roc,auc_pr,optimal_threshold,accuracy,precision,recall,f1,specificity,tp,tn,fp,fn
NetTCR,0.5854941273589964,0.3833600952269529,0.25035470724105835,0.5018036072144288,0.39800054039448796,0.8509532062391681,0.542341678939617,0.3163547100337527,1473,1031,2228,258
ERGO,0.5056831466486,0.3500943727513287,0.09910731762647629,0.530060120240481,0.3595608417200366,0.4540727902946274,0.40132754659177944,0.5704203743479594,786,1859,1400,945
